{
  "manifest-bundle.zip": 1606511580655,
  "Component.js": 1606509025008,
  "model/models.js": 1606509025012,
  "controller/Main.controller.js": 1606510868205,
  "controller/Login.controller.js": 1606510780437,
  "manifest.json": 1606511580848,
  "i18n/i18n.properties": 1606509620326,
  "Component-preload.js": 1606511580818,
  "controller/Main-dbg.controller.js": 1606510868205,
  "model/models-dbg.js": 1606509025012,
  "controller/Login-dbg.controller.js": 1606510780437,
  "Component-dbg.js": 1606509025008,
  "resources.json": 1606511580851,
  "view/Main.view.xml": 1606510868301,
  "view/Login.view.xml": 1606510033195,
  "css/style.css": 1606509842066,
  "Img/spinner.png": 1606510176471,
  "Img/Logo_Wise.png": 1606509665254,
  "index.html": 1606510296280
}